<?xml version="1.0" encoding="UTF-8"?>
<?mso-application progid="Excel.Sheet"?>
<Workbook xmlns="urn:schemas-microsoft-com:office:spreadsheet"
xmlns:o="urn:schemas-microsoft-com:office:office"
xmlns:x="urn:schemas-microsoft-com:office:excel"
xmlns:ss="urn:schemas-microsoft-com:office:spreadsheet"
xmlns:html="http://www.w3.org/TR/REC-html40">
<Worksheet ss:Name="Table1">
	<Table>
		<Column ss:Index="2" ss:AutoFitWidth="0" ss:Width="110"/>
		<Column ss:Index="3" ss:AutoFitWidth="0" ss:Width="110"/>
		<Row>
			<Cell><Data ss:Type="String">pid</Data></Cell>
			<Cell><Data ss:Type="String">pname</Data></Cell>
			<Cell><Data ss:Type="String">ptype</Data></Cell>
			<Cell><Data ss:Type="String">tenure</Data></Cell>
			<Cell><Data ss:Type="String">count</Data></Cell>
		</Row>

		<Row>
			<Cell><Data ss:Type="Number">1</Data></Cell>
			<Cell><Data ss:Type="String">JeevanNigam</Data></Cell>
			<Cell><Data ss:Type="String">yearly</Data></Cell>
			<Cell><Data ss:Type="Number">30</Data></Cell>
			<Cell><Data ss:Type="Number"></Data></Cell>
		</Row>
		<Row>
			<Cell><Data ss:Type="Number">3</Data></Cell>
			<Cell><Data ss:Type="String">Life Care</Data></Cell>
			<Cell><Data ss:Type="String">Yearly</Data></Cell>
			<Cell><Data ss:Type="Number">5</Data></Cell>
			<Cell><Data ss:Type="Number"></Data></Cell>
		</Row>
		<Row>
			<Cell><Data ss:Type="Number">4</Data></Cell>
			<Cell><Data ss:Type="String">Safe People</Data></Cell>
			<Cell><Data ss:Type="String">Monthly</Data></Cell>
			<Cell><Data ss:Type="Number">177</Data></Cell>
			<Cell><Data ss:Type="Number"></Data></Cell>
		</Row>
		<Row>
			<Cell><Data ss:Type="Number">5</Data></Cell>
			<Cell><Data ss:Type="String">Prudential</Data></Cell>
			<Cell><Data ss:Type="String">Monthly</Data></Cell>
			<Cell><Data ss:Type="Number">23</Data></Cell>
			<Cell><Data ss:Type="Number"></Data></Cell>
		</Row>
		<Row>
			<Cell><Data ss:Type="Number">6</Data></Cell>
			<Cell><Data ss:Type="String">PaytmSafeLife</Data></Cell>
			<Cell><Data ss:Type="String">Yearly</Data></Cell>
			<Cell><Data ss:Type="Number">67</Data></Cell>
			<Cell><Data ss:Type="Number"></Data></Cell>
		</Row>
		<Row>
			<Cell><Data ss:Type="Number">7</Data></Cell>
			<Cell><Data ss:Type="String">AdityaMutual</Data></Cell>
			<Cell><Data ss:Type="String">yearly</Data></Cell>
			<Cell><Data ss:Type="Number">23</Data></Cell>
			<Cell><Data ss:Type="Number"></Data></Cell>
		</Row>
		<Row>
			<Cell><Data ss:Type="Number">9</Data></Cell>
			<Cell><Data ss:Type="String">Lic</Data></Cell>
			<Cell><Data ss:Type="String">Monthly</Data></Cell>
			<Cell><Data ss:Type="Number">300</Data></Cell>
			<Cell><Data ss:Type="Number"></Data></Cell>
		</Row>	</Table>
</Worksheet>
</Workbook>
