<!DOCTYPE hibernate-configuration PUBLIC
        "-//Hibernate/Hibernate Configuration DTD 3.0//EN"
        "http://www.hibernate.org/dtd/hibernate-configuration-3.0.dtd">

<hibernate-configuration>

	<session-factory>
		<property name="hibernate.connection.driver_class">com.mysql.cj.jdbc.Driver</property>
		<property name="hibernate.connection.url">jdbc:mysql:///jdbcprep</property>
		<property name="hibernate.connection.username">root</property>
		<property name="hibernate.connection.password">04&amp;LU$NsA!R</property>

		<!-- OPTIONAL PROPERTIES FOR HIBERNATE -->

		<!-- Prepare the query based on the mapping information for the underlying 
			DATABASE -->
		<property name="hibernate.dialect">org.hibernate.dialect.MySQL8Dialect</property>

		<!--Inform HIBERNATE to display the query on the console it has generated 
			internally -->
		<property name="hibernate.show_sql">true</property>


		<!--Inform HIBERNATE to display the query on the console it has generated 
			internally in proper format -->
		<property name="hibernate.format_sql">true</property>

		<!-- Inform HIBERNATE to create/alter/drop the table -->
		<property name="hibernate.hbm2ddl.auto">update</property>

        <!-- create::: means existing table it will drop and create new table -->
        <!-- update::: means if table exists then do the operation anf if not exists then create it and do operation  -->
        <!-- validate::: means if table exists do the operation and if not exists it will throw the hibernateexception -->
        <!-- create-drop::: means if table exixts drop the table create new table and do the operation and when hibernate application is going to close then drop the table -->
           
           
           						
	</session-factory>

</hibernate-configuration>



